,AAPL,MSFT,TSLA
AAPL,1.0,0.627416621868378,0.5071851271865306
MSFT,0.627416621868378,1.0,0.4300616336522698
TSLA,0.5071851271865306,0.4300616336522698,1.0
